hotel_name,hotel_url,hotel_describe,hotel_ranking,hotel_city,hotel_lat,hotel_lon
MEININGER Hotel Lyon Centre Berthelot,https://www.booking.com/hotel/fr/meininger-lyon-centre-berthelot.fr.html?aid=304142&ucfs=1&arphpl=1&group_adults=2&req_adults=2&no_rooms=1&group_children=0&req_children=0&hpos=1&hapos=1&sr_order=popularity&srpvid=d26b980b93a70293&srepoch=1647985047&from_sustainable_property_sr=1&from=searchresults#hotelTmpl,"Installé à Lyon, le MEININGER Hotel Lyon Centre Berthelot propose un bar, un parking privé, un salon commun et une terrasse. ","8,4",Lyon,45.746083,4.837187
ibis Lyon Gerland Musée des Confluences,https://www.booking.com/hotel/fr/ibis-lyon-gerland-7eme.fr.html?aid=304142&ucfs=1&arphpl=1&group_adults=2&req_adults=2&no_rooms=1&group_children=0&req_children=0&hpos=11&hapos=11&sr_order=popularity&srpvid=d26b980b93a70293&srepoch=1647985047&from_sustainable_property_sr=1&from=searchresults#hotelTmpl,"Installé dans le sud de Lyon, sur les rives du Rhône, à 200 mètres des autoroutes A7 et A6, l’ibis Lyon Gerland Musée des Confluences vous propose une réception ouverte 24h/24, un bar, un restaurant...","7,9",Lyon,45.73332499,4.82288003
19Sisley - Calme & Cosy - 3CH 8P Metro Parking x2,https://www.booking.com/hotel/fr/19sisley.fr.html?aid=304142&ucfs=1&arphpl=1&group_adults=2&req_adults=2&no_rooms=1&group_children=0&req_children=0&hpos=10&hapos=10&sr_order=popularity&srpvid=d26b980b93a70293&srepoch=1647985047&from=searchresults#hotelTmpl,Hébergement géré par un particulier,"8,3",Lyon,45.7506146,4.86868617
La Résidence,https://www.booking.com/hotel/fr/laresidenlyon.fr.html?aid=304142&ucfs=1&arphpl=1&group_adults=2&req_adults=2&no_rooms=1&group_children=0&req_children=0&hpos=9&hapos=9&sr_order=popularity&srpvid=d26b980b93a70293&srepoch=1647985047&from=searchresults#hotelTmpl,"Situé dans une rue piétonne de la presqu'île de Lyon, à 3 minutes à pied de la place Bellecour et à 800 mètres de la gare de Lyon-Perrache, l'hôtel 3 étoiles La Résidence propose des hébergements...","8,0",Lyon,45.75527786,4.83048242
La Casa Jungle Bed & Spa - Pentes de la Croix Rousse,https://www.booking.com/hotel/fr/la-casa-jungle-bed-amp-spa-pentes-de-la-croix-rousse.fr.html?aid=304142&ucfs=1&arphpl=1&group_adults=2&req_adults=2&no_rooms=1&group_children=0&req_children=0&hpos=8&hapos=8&sr_order=popularity&srpvid=d26b980b93a70293&srepoch=1647985047&from=searchresults#hotelTmpl,"Doté d'une baignoire spa, l'établissement La Casa Jungle Bed & Spa - Pentes de la Croix Rousse est situé en plein centre de Lyon. ","8,4",Lyon,45.771222,4.83543
"Radisson Blu Hotel, Lyon",https://www.booking.com/hotel/fr/radisson-blu-hotel-lyon.fr.html?aid=304142&ucfs=1&arphpl=1&group_adults=2&req_adults=2&no_rooms=1&group_children=0&req_children=0&hpos=7&hapos=7&sr_order=popularity&srpvid=d26b980b93a70293&srepoch=1647985047&from_sustainable_property_sr=1&from=searchresults#hotelTmpl,"Situé à 300 mètres de la gare Part-Dieu, l'établissement Radisson Blu Hotel, Lyon est doté d'un restaurant-bar offrant une vue panoramique sur Lyon depuis le 32ème étage de l'emblématique tour...","8,1",Lyon,45.76106379,4.85515237
Lagrange Aparthotel Lyon Lumière,https://www.booking.com/hotel/fr/lagrange-city-apartha-tel-lyon-lumia-re.fr.html?aid=304142&ucfs=1&arphpl=1&group_adults=2&req_adults=2&no_rooms=1&group_children=0&req_children=0&hpos=6&hapos=6&sr_order=popularity&srpvid=d26b980b93a70293&srepoch=1647985047&from=searchresults#hotelTmpl,"Installé à mi-chemin entre les stations de métro Sans Souci et Monplaisir-Lumière, la ligne desservant directement la place Bellecour et la vieille ville de Lyon, le Lagrange Aparthotel Lyon Lumière...","8,2",Lyon,45.74645865,4.86893088
Campanile Lyon Centre Part-Dieu,https://www.booking.com/hotel/fr/campanile-lyon-centre-forum-part-dieu.fr.html?aid=304142&ucfs=1&arphpl=1&group_adults=2&req_adults=2&no_rooms=1&group_children=0&req_children=0&hpos=5&hapos=5&sr_order=popularity&srpvid=d26b980b93a70293&srepoch=1647985047&from_sustainable_property_sr=1&from=searchresults#hotelTmpl,Le Campanile Lyon Centre Part-Dieu propose des chambres climatisées avec une connexion Wi-Fi gratuite en face de la gare ferroviaire de Lyon-Part-Dieu. ,"7,9",Lyon,45.76027411,4.86332774
Résidence Montempô Part Dieu,https://www.booking.com/hotel/fr/residence-hoteliere-temporim-part-dieu.fr.html?aid=304142&ucfs=1&arphpl=1&group_adults=2&req_adults=2&no_rooms=1&group_children=0&req_children=0&hpos=4&hapos=4&sr_order=popularity&srpvid=d26b980b93a70293&srepoch=1647985047&from=searchresults#hotelTmpl,"Située à Lyon, la Résidence Montempô Part Dieu propose des studios et des appartements entièrement équipés. ","7,6",Lyon,45.75916256,4.86523747
Campanile Lyon Centre - Berges du Rhône,https://www.booking.com/hotel/fr/bleumarinelyoncentre.fr.html?aid=304142&ucfs=1&arphpl=1&group_adults=2&req_adults=2&no_rooms=1&group_children=0&req_children=0&hpos=3&hapos=3&sr_order=popularity&srpvid=d26b980b93a70293&srepoch=1647985047&from_sustainable_property_sr=1&from=searchresults#hotelTmpl,Le Campanile Lyon Centre - Berges du Rhône propose une connexion Wi-Fi gratuite. ,"7,2",Lyon,45.75669986,4.84195322
Residence Montempo Lyon Cite Internationale,https://www.booking.com/hotel/fr/residence-hoteliere-temporim-cite-internationale.fr.html?aid=304142&ucfs=1&arphpl=1&group_adults=2&req_adults=2&no_rooms=1&group_children=0&req_children=0&hpos=2&hapos=2&sr_order=popularity&srpvid=d26b980b93a70293&srepoch=1647985047&from=searchresults#hotelTmpl,"La Residence Montempo Lyon Cite Internationale propose un appart'hôtel à proximité du parc de la Tête d'Or, au cœur du quartier du centre des congrès et à 15 minutes de route du centre-ville de Lyon. ","7,8",Lyon,45.78501661,4.85641569
"Hotel De Verdun 1882, BW Signature Collection",https://www.booking.com/hotel/fr/de-verdun-lyon.fr.html?aid=304142&ucfs=1&arphpl=1&group_adults=2&req_adults=2&no_rooms=1&group_children=0&req_children=0&hpos=21&hapos=21&sr_order=popularity&srpvid=d26b980b93a70293&srepoch=1647985047&from=searchresults#hotelTmpl,"L'Hotel De Verdun 1882, BW Signature Collection est situé dans le centre de Lyon, sur la presqu'île, à 450 mètres de la gare TGV de Lyon-Perrache. ","9,1",Lyon,45.74958764,4.8297666
La Maison Debourg,https://www.booking.com/hotel/fr/la-maison-de-bourg.fr.html?aid=304142&ucfs=1&arphpl=1&group_adults=2&req_adults=2&no_rooms=1&group_children=0&req_children=0&hpos=25&hapos=25&sr_order=popularity&srpvid=d26b980b93a70293&srepoch=1647985047&from_sustainable_property_sr=1&from=searchresults#hotelTmpl,Hébergement géré par un particulier,"9,0",Lyon,45.76505738,4.8280322
Les petits poissons,https://www.booking.com/hotel/fr/les-petits-poissons.fr.html?aid=304142&ucfs=1&arphpl=1&group_adults=2&req_adults=2&no_rooms=1&group_children=0&req_children=0&hpos=25&hapos=25&sr_order=popularity&srpvid=5521980d5e730141&srepoch=1647985051&from_sustainable_property_sr=1&from=searchresults#hotelTmpl,Hébergement géré par un particulier,"9,0",Avignon,43.9361955,4.82600075
"4 bedrooms luxury appartment for 10p in Eguisheim, 10 mn from Colmar",https://www.booking.com/hotel/fr/4-bedrooms-luxury-appartment-for-10p-in-eguisheim-10-mn-from-colmar.fr.html?aid=304142&ucfs=1&arphpl=1&group_adults=2&req_adults=2&no_rooms=1&group_children=0&req_children=0&hpos=25&hapos=25&sr_order=popularity&srpvid=d8a5980e8ba6017c&srepoch=1647985053&from=searchresults#hotelTmpl,Hébergement géré par un particulier,"8,9",Eguisheim,48.0426719,7.3055657
Duplex Typique Centre Bayonne,https://www.booking.com/hotel/fr/duplex-typique-centre-bayonne.fr.html?aid=304142&ucfs=1&arphpl=1&group_adults=2&req_adults=2&no_rooms=1&group_children=0&req_children=0&hpos=25&hapos=25&sr_order=popularity&srpvid=fc59980f418c008e&srepoch=1647985055&from=searchresults#hotelTmpl,Hébergement géré par un particulier,,Bayonne,43.489894,-1.473892
Mercure Grenoble Centre Alpotel,https://www.booking.com/hotel/fr/mercure-grenoble-centre-alpotel.fr.html?aid=304142&ucfs=1&arphpl=1&group_adults=2&req_adults=2&no_rooms=1&group_children=0&req_children=0&hpos=25&hapos=25&sr_order=popularity&srpvid=0c20980fab3d00f9&srepoch=1647985056&from_sustainable_property_sr=1&from=searchresults#hotelTmpl,"Le Mercure Grenoble Centre Alpotel est situé au cœur de Grenoble, à 2 km de Minatec. L'hôtel dispose d'un restaurant servant une cuisine régionale contemporaine. ","7,7",Grenoble,45.18327326,5.72969198
Le Hüb - Grenoble,https://www.booking.com/hotel/fr/le-hub-grenoble.fr.html?aid=304142&ucfs=1&arphpl=1&group_adults=2&req_adults=2&no_rooms=1&group_children=0&req_children=0&hpos=24&hapos=24&sr_order=popularity&srpvid=0c20980fab3d00f9&srepoch=1647985056&from_sustainable_property_sr=1&from=searchresults#hotelTmpl,"Le Hüb - Grenoble vous accueille à 300 mètres du centre de congrès World Trade Center Grenoble. Il propose un salon commun, un restaurant, un bar et un jardin. ","8,4",Grenoble,45.192873,5.711917
Appartéa Grenoble Alpexpo,https://www.booking.com/hotel/fr/adagio-access-grenoble.fr.html?aid=304142&ucfs=1&arphpl=1&group_adults=2&req_adults=2&no_rooms=1&group_children=0&req_children=0&hpos=23&hapos=23&sr_order=popularity&srpvid=0c20980fab3d00f9&srepoch=1647985056&from=searchresults#hotelTmpl,"L'Appartéa Grenoble Alpexpo est situé à 400 mètres du parc des expositions SAEM Alpexpo, en face de l'arrêt de tramway Grand'Place. ","7,1",Grenoble,45.15999038,5.73111087
Tempologis Grenoble,https://www.booking.com/hotel/fr/tempologis-grenoble.fr.html?aid=304142&ucfs=1&arphpl=1&group_adults=2&req_adults=2&no_rooms=1&group_children=0&req_children=0&hpos=22&hapos=22&sr_order=popularity&srpvid=0c20980fab3d00f9&srepoch=1647985056&from_sustainable_property_sr=1&from=searchresults#hotelTmpl,Le Tempologis Grenoble est situé à Grenoble et propose des hébergements indépendants. Une connexion Wi-Fi est disponible gratuitement. ,"8,1",Grenoble,45.1792734,5.73433891
Mon petit jardin de ville,https://www.booking.com/hotel/fr/mon-petit-jardin-de-ville.fr.html?aid=304142&ucfs=1&arphpl=1&group_adults=2&req_adults=2&no_rooms=1&group_children=0&req_children=0&hpos=21&hapos=21&sr_order=popularity&srpvid=0c20980fab3d00f9&srepoch=1647985056&from_sustainable_property_sr=1&from=searchresults#hotelTmpl,Hébergement géré par un particulier,"8,5",Grenoble,45.1849225,5.7072564
Hotel Europole,https://www.booking.com/hotel/fr/europole.fr.html?aid=304142&ucfs=1&arphpl=1&group_adults=2&req_adults=2&no_rooms=1&group_children=0&req_children=0&hpos=20&hapos=20&sr_order=popularity&srpvid=0c20980fab3d00f9&srepoch=1647985056&from=searchresults#hotelTmpl,"L’Hotel Europole propose des hébergements dans le centre de Grenoble, à moins de 100 mètres de la gare SNCF et à 3 minutes de marche du palais de justice. ","7,9",Grenoble,45.19023755,5.71266398
1924 Hôtel,https://www.booking.com/hotel/fr/royal-grenoble.fr.html?aid=304142&ucfs=1&arphpl=1&group_adults=2&req_adults=2&no_rooms=1&group_children=0&req_children=0&hpos=19&hapos=19&sr_order=popularity&srpvid=0c20980fab3d00f9&srepoch=1647985056&from_sustainable_property_sr=1&from=searchresults#hotelTmpl,"Doté d’une connexion Wi-Fi gratuite, le 1924 Hôtel est installé au cœur de Grenoble, à seulement 450 mètres de la gare SNCF, à moins de 1 minute à pied de l’arrêt de tramway Alsace-Lorraine. ","8,5",Grenoble,45.18928483,5.71861982
Hotel Mercure Grenoble Centre Président,https://www.booking.com/hotel/fr/grand-mercure-grenoble-president.fr.html?aid=304142&ucfs=1&arphpl=1&group_adults=2&req_adults=2&no_rooms=1&group_children=0&req_children=0&hpos=18&hapos=18&sr_order=popularity&srpvid=0c20980fab3d00f9&srepoch=1647985056&from_sustainable_property_sr=1&from=searchresults#hotelTmpl,"Situé à 10 minutes du centre-ville de Grenoble, l'Hôtel Mercure Grenoble Centre Président est accessible en tramway et par d'autres transports en commun. ","7,8",Grenoble,45.17849379,5.72029755
Appartement Malya & parking privé,https://www.booking.com/hotel/fr/appartement-renove-6-personnes-avec-parking-prive.fr.html?aid=304142&ucfs=1&arphpl=1&group_adults=2&req_adults=2&no_rooms=1&group_children=0&req_children=0&hpos=17&hapos=17&sr_order=popularity&srpvid=0c20980fab3d00f9&srepoch=1647985056&from=searchresults#hotelTmpl,Hébergement géré par un particulier,"8,0",Grenoble,45.1739765,5.7170765
Hôtel Victoria,https://www.booking.com/hotel/fr/victoria-grenoble.fr.html?aid=304142&ucfs=1&arphpl=1&group_adults=2&req_adults=2&no_rooms=1&group_children=0&req_children=0&hpos=16&hapos=16&sr_order=popularity&srpvid=0c20980fab3d00f9&srepoch=1647985056&from=searchresults#hotelTmpl,"Situé à Grenoble, à 1,1 km du WTC Grenoble, l'Hôtel Victoria propose des hébergements avec connexion Wi-Fi et parking privé gratuits. ","8,8",Grenoble,45.187494,5.721472
Résidence Le Patricia,https://www.booking.com/hotel/fr/ra-c-sidence-le-patricia.fr.html?aid=304142&ucfs=1&arphpl=1&group_adults=2&req_adults=2&no_rooms=1&group_children=0&req_children=0&hpos=15&hapos=15&sr_order=popularity&srpvid=0c20980fab3d00f9&srepoch=1647985056&from_sustainable_property_sr=1&from=searchresults#hotelTmpl,"La Résidence Le Patricia vous accueille à Grenoble, à 750 mètres de la place Victor Hugo et à 110 mètres de la rivière l'Isère. ","7,9",Grenoble,45.1920997,5.72396229
B&B Hôtel Grenoble Centre Alpexpo,https://www.booking.com/hotel/fr/b-amp-b-grenoble-centre-alpexpo.fr.html?aid=304142&ucfs=1&arphpl=1&group_adults=2&req_adults=2&no_rooms=1&group_children=0&req_children=0&hpos=14&hapos=14&sr_order=popularity&srpvid=0c20980fab3d00f9&srepoch=1647985056&from=searchresults#hotelTmpl,"Le B&B Grenoble Centre Alpexpo est situé à Grenoble, à seulement 800 mètres d'Alpexpo. Doté d'une réception ouverte 24h/24, il propose une connexion Wi-Fi gratuite et des hébergements insonorisés. ","7,6",Grenoble,45.15883667,5.73443547
Residhome Grenoble Caserne De Bonne,https://www.booking.com/hotel/fr/residhome-prestige-grenoble-caserne-de-bonne.fr.html?aid=304142&ucfs=1&arphpl=1&group_adults=2&req_adults=2&no_rooms=1&group_children=0&req_children=0&hpos=13&hapos=13&sr_order=popularity&srpvid=0c20980fab3d00f9&srepoch=1647985056&from=searchresults#hotelTmpl,"Le Residhome Grenoble Caserne De Bonne est un établissement 4 étoiles situé à Grenoble, à seulement 10 minutes à pied du centre-ville. ","7,9",Grenoble,45.18346987,5.72433829
Residhotel Grenette,https://www.booking.com/hotel/fr/le-royal-grenoble.fr.html?aid=304142&ucfs=1&arphpl=1&group_adults=2&req_adults=2&no_rooms=1&group_children=0&req_children=0&hpos=12&hapos=12&sr_order=popularity&srpvid=0c20980fab3d00f9&srepoch=1647985056&from=searchresults#hotelTmpl,"Le Residhotel Grenette est situé dans le centre de Grenoble, à 3 minutes à pied de la place Victor Hugo. Il propose un hébergement indépendant avec une connexion Wi-Fi gratuite. ","7,6",Grenoble,45.19056363,5.72448447
Residhotel Le Central'Gare,https://www.booking.com/hotel/fr/residhotel-le-central-gare.fr.html?aid=304142&ucfs=1&arphpl=1&group_adults=2&req_adults=2&no_rooms=1&group_children=0&req_children=0&hpos=11&hapos=11&sr_order=popularity&srpvid=0c20980fab3d00f9&srepoch=1647985056&from=searchresults#hotelTmpl,Le Residhotel Le Central'Gare propose des hébergements indépendants avec une connexion Wi-Fi gratuite. ,"7,8",Grenoble,45.19085898,5.71572438
Kyriad Grenoble Centre,https://www.booking.com/hotel/fr/qualityhotelgrenoble.fr.html?aid=304142&ucfs=1&arphpl=1&group_adults=2&req_adults=2&no_rooms=1&group_children=0&req_children=0&hpos=10&hapos=10&sr_order=popularity&srpvid=0c20980fab3d00f9&srepoch=1647985056&from=searchresults#hotelTmpl,"Situé à Grenoble, à 200 mètres du stade Lesdiguières, le Kyriad Grenoble Centre vous accueille dans un hôtel 3 étoiles doté d'une réception ouverte 24h/24 et d'une connexion Wi-Fi gratuite. ","7,8",Grenoble,45.16819994,5.71199477
Hôtel des Alpes,https://www.booking.com/hotel/fr/ha-tel-des-alpes.fr.html?aid=304142&ucfs=1&arphpl=1&group_adults=2&req_adults=2&no_rooms=1&group_children=0&req_children=0&hpos=9&hapos=9&sr_order=popularity&srpvid=0c20980fab3d00f9&srepoch=1647985056&from=searchresults#hotelTmpl,"Situé à Grenoble, l'Hôtel des Alpes se trouve à 220 mètres de la gare et à 120 mètres de l'arrêt Gares Tramway. ","7,1",Grenoble,45.19044652,5.71685795
Le Grand Hôtel Grenoble,https://www.booking.com/hotel/fr/le-grand-grenoble-centre.fr.html?aid=304142&ucfs=1&arphpl=1&group_adults=2&req_adults=2&no_rooms=1&group_children=0&req_children=0&hpos=8&hapos=8&sr_order=popularity&srpvid=0c20980fab3d00f9&srepoch=1647985056&from=searchresults#hotelTmpl,"Le Grand Hôtel Grenoble est un établissement 4 étoiles situé dans le centre-ville de Grenoble, à 10 mètres de la place Grenette. Les chambres sont insonorisées et climatisées. ","8,7",Grenoble,45.19081504,5.72854802
Hôtel de l'Europe Grenoble hyper-centre,https://www.booking.com/hotel/fr/de-l-europe-grenoble.fr.html?aid=304142&ucfs=1&arphpl=1&group_adults=2&req_adults=2&no_rooms=1&group_children=0&req_children=0&hpos=7&hapos=7&sr_order=popularity&srpvid=0c20980fab3d00f9&srepoch=1647985056&from=searchresults#hotelTmpl,"Situé au cœur de Grenoble, l'Hôtel de l'Europe Grenoble hyper-centre est le plus ancien hôtel de la ville, installé dans un bâtiment datant du XVIIe siècle. ","8,4",Grenoble,45.19035711,5.72733097
Adagio Grenoble Centre,https://www.booking.com/hotel/fr/hipark.fr.html?aid=304142&ucfs=1&arphpl=1&group_adults=2&req_adults=2&no_rooms=1&group_children=0&req_children=0&hpos=6&hapos=6&sr_order=popularity&srpvid=0c20980fab3d00f9&srepoch=1647985056&from_sustainable_property_sr=1&from=searchresults#hotelTmpl,"L’Adagio Grenoble Centre est situé dans le quartier des affaires Europole, à 5 minutes à pied de la gare TGV de Grenoble et à 10 minutes de marche du centre-ville. ","7,6",Grenoble,45.18960902,5.7121785
Novotel Grenoble Centre,https://www.booking.com/hotel/fr/grenoble-centre.fr.html?aid=304142&ucfs=1&arphpl=1&group_adults=2&req_adults=2&no_rooms=1&group_children=0&req_children=0&hpos=5&hapos=5&sr_order=popularity&srpvid=0c20980fab3d00f9&srepoch=1647985056&from_sustainable_property_sr=1&from=searchresults#hotelTmpl,"Le Novotel Grenoble Centre est installé au cœur du quartier des affaires de Grenoble, à seulement quelques pas de la gare TGV. ","7,7",Grenoble,45.190695,5.71259558
Hotel Lux,https://www.booking.com/hotel/fr/hotel-lux.fr.html?aid=304142&ucfs=1&arphpl=1&group_adults=2&req_adults=2&no_rooms=1&group_children=0&req_children=0&hpos=4&hapos=4&sr_order=popularity&srpvid=0c20980fab3d00f9&srepoch=1647985056&from=searchresults#hotelTmpl,"Proposant des chambres avec une connexion Wi-Fi gratuite, l’Hotel Lux est doté d’un emplacement central à Grenoble, à seulement 50 mètres des bars et restaurants ainsi qu’à 3 minutes à pied de la...","8,1",Grenoble,45.189522,5.716226
Hôtel d’Angleterre Grenoble Hyper-Centre,https://www.booking.com/hotel/fr/tiangleterre.fr.html?aid=304142&ucfs=1&arphpl=1&group_adults=2&req_adults=2&no_rooms=1&group_children=0&req_children=0&hpos=3&hapos=3&sr_order=popularity&srpvid=0c20980fab3d00f9&srepoch=1647985056&from=searchresults#hotelTmpl,"L'Hôtel d'Angleterre Grenoble Hyper-Centre est situé au cœur de Grenoble, face aux jardins de la place Victor Hugo et à seulement 1 minute à pied de l'arrêt de tramway Victor Hugo. ","7,9",Grenoble,45.18920402,5.72537228
Esprit Bistrot / Rent4night Grenoble,https://www.booking.com/hotel/fr/esprit-bistrot-rent4night-grenoble.fr.html?aid=304142&ucfs=1&arphpl=1&group_adults=2&req_adults=2&no_rooms=1&group_children=0&req_children=0&hpos=2&hapos=2&sr_order=popularity&srpvid=0c20980fab3d00f9&srepoch=1647985056&from_sustainable_property_sr=1&from=searchresults#hotelTmpl,Hébergement géré par un particulier,"8,7",Grenoble,45.18543211,5.74399642
Maison Barbillon Grenoble,https://www.booking.com/hotel/fr/maison-barbillon-grenoble.fr.html?aid=304142&ucfs=1&arphpl=1&group_adults=2&req_adults=2&no_rooms=1&group_children=0&req_children=0&hpos=1&hapos=1&sr_order=popularity&srpvid=0c20980fab3d00f9&srepoch=1647985056&from_sustainable_property_sr=1&from=searchresults#hotelTmpl,"La Maison Barbillon Grenoble vous accueille à Grenoble, à seulement 100 mètres de la gare. ","8,3",Grenoble,45.1907933,5.71669668
Baionakoa Résidence,https://www.booking.com/hotel/fr/baionakoa-residence.fr.html?aid=304142&ucfs=1&arphpl=1&group_adults=2&req_adults=2&no_rooms=1&group_children=0&req_children=0&hpos=24&hapos=24&sr_order=popularity&srpvid=fc59980f418c008e&srepoch=1647985055&from_sustainable_property_sr=1&from=searchresults#hotelTmpl,"Situé à Bayonne, à 400 mètres de la cathédrale Sainte-Marie et à 1,4 km du parc Ansot, le Baionakoa Résidence propose un hébergement climatisé avec vue sur la ville et connexion Wi-Fi gratuite. ","9,0",Bayonne,43.48982756,-1.47692958
Bayonne appartement 3 étoiles à 5 min de la gare,https://www.booking.com/hotel/fr/bayonne-appartement-3-etoiles-a-5-min-de-la-gare.fr.html?aid=304142&ucfs=1&arphpl=1&group_adults=2&req_adults=2&no_rooms=1&group_children=0&req_children=0&hpos=23&hapos=23&sr_order=popularity&srpvid=fc59980f418c008e&srepoch=1647985055&from=searchresults#hotelTmpl,Hébergement géré par un particulier,,Bayonne,43.4932168,-1.4654106
Hôtel des Basses Pyrénées - Bayonne,https://www.booking.com/hotel/fr/des-basses-pyrenees.fr.html?aid=304142&ucfs=1&arphpl=1&group_adults=2&req_adults=2&no_rooms=1&group_children=0&req_children=0&hpos=22&hapos=22&sr_order=popularity&srpvid=fc59980f418c008e&srepoch=1647985055&from=searchresults#hotelTmpl,"L'Hôtel des Basses Pyrénées - Bayonne est situé à Bayonne, à moins de 200 mètres de la cathédrale Sainte-Marie et à 11 minutes à pied du parc Ansot. ","8,5",Bayonne,43.48841135,-1.47714337
Temporesidence Cathedrale,https://www.booking.com/hotel/fr/temporesidence-cathedrale.fr.html?aid=304142&ucfs=1&arphpl=1&group_adults=2&req_adults=2&no_rooms=1&group_children=0&req_children=0&hpos=21&hapos=21&sr_order=popularity&srpvid=fc59980f418c008e&srepoch=1647985055&from=searchresults#hotelTmpl,"Situé à Bayonne, le Temporesidence Cathedrale est à seulement 2,5 km de la gare et à 6 km de Biarritz. Il propose des appartements et des studios spacieux avec une kitchenette entièrement équipée. ","7,9",Bayonne,43.48954193,-1.47812448
Bayonne en plein cœur Centre Historique 2 chambres,https://www.booking.com/hotel/fr/bayonne-en-plein-coeur-centre-historique-2-chambres.fr.html?aid=304142&ucfs=1&arphpl=1&group_adults=2&req_adults=2&no_rooms=1&group_children=0&req_children=0&hpos=20&hapos=20&sr_order=popularity&srpvid=fc59980f418c008e&srepoch=1647985055&from=searchresults#hotelTmpl,Hébergement géré par un particulier,"9,0",Bayonne,43.4890699,-1.4755226
Hôtel Le Bayonne,https://www.booking.com/hotel/fr/le-bayonne-ha-tel.fr.html?aid=304142&ucfs=1&arphpl=1&group_adults=2&req_adults=2&no_rooms=1&group_children=0&req_children=0&hpos=19&hapos=19&sr_order=popularity&srpvid=fc59980f418c008e&srepoch=1647985055&from=searchresults#hotelTmpl,"Installé dans le centre-ville de Bayonne, en Aquitaine, l'Hôtel Le Bayonne vous propose une piscine extérieure chauffée ouverte en saison ainsi qu'un hammam. ","7,9",Bayonne,43.4850262,-1.47537053
Campanile Bayonne,https://www.booking.com/hotel/fr/campanile-bayonne.fr.html?aid=304142&ucfs=1&arphpl=1&group_adults=2&req_adults=2&no_rooms=1&group_children=0&req_children=0&hpos=18&hapos=18&sr_order=popularity&srpvid=fc59980f418c008e&srepoch=1647985055&from_sustainable_property_sr=1&from=searchresults#hotelTmpl,"Situé à 5 minutes en voiture du centre de Bayonne, au pied des Pyrénées et au cœur du Pays basque, le Campanile Bayonne propose des chambres avec télévision à écran plat et connexion Wi-Fi gratuite. ","6,6",Bayonne,43.49112493,-1.4548409
Temporesidence Chateauneuf,https://www.booking.com/hotel/fr/temporesidence-chateauneuf.fr.html?aid=304142&ucfs=1&arphpl=1&group_adults=2&req_adults=2&no_rooms=1&group_children=0&req_children=0&hpos=17&hapos=17&sr_order=popularity&srpvid=fc59980f418c008e&srepoch=1647985055&from=searchresults#hotelTmpl,"Située dans la région Aquitaine, cette résidence propose un hébergement moderne doté d'une connexion Internet par câble et d'une télévision à écran plat avec les chaînes du câble. ","7,5",Bayonne,43.48991068,-1.47314027
ibis Bayonne Centre,https://www.booking.com/hotel/fr/ibis-bayonne.fr.html?aid=304142&ucfs=1&arphpl=1&group_adults=2&req_adults=2&no_rooms=1&group_children=0&req_children=0&hpos=16&hapos=16&sr_order=popularity&srpvid=fc59980f418c008e&srepoch=1647985055&from_sustainable_property_sr=1&from=searchresults#hotelTmpl,"Situé à 5 minutes à pied du centre de Bayonne, l'ibis Bayonne Centre se trouve sur les rives de l'Adour, à seulement 600 mètres de la gare ferroviaire, et propose une terrasse meublée. ","7,9",Bayonne,43.492713,-1.465659
Hôtel des Arceaux,https://www.booking.com/hotel/fr/des-arceaux.fr.html?aid=304142&ucfs=1&arphpl=1&group_adults=2&req_adults=2&no_rooms=1&group_children=0&req_children=0&hpos=15&hapos=15&sr_order=popularity&srpvid=fc59980f418c008e&srepoch=1647985055&from=searchresults#hotelTmpl,"Situé dans une zone piétonne du centre historique de Bayonne, le charmant Hôtel des Arceaux occupe un bâtiment datant du XVIIe siècle. ","7,4",Bayonne,43.4922497,-1.4757726
Premiere Classe Bayonne,https://www.booking.com/hotel/fr/premiere-classe-bayonne.fr.html?aid=304142&ucfs=1&arphpl=1&group_adults=2&req_adults=2&no_rooms=1&group_children=0&req_children=0&hpos=14&hapos=14&sr_order=popularity&srpvid=fc59980f418c008e&srepoch=1647985055&from=searchresults#hotelTmpl,"Situé à 5 minutes du centre-ville ainsi qu'à seulement 10 minutes de la plage, le Premiere Classe Bayonne est facilement accessible depuis les autoroutes A63 et A64 (sortie 6). ","6,0",Bayonne,43.49048959,-1.45203531
Boutique Hôtel Un Appart en Ville,https://www.booking.com/hotel/fr/un-appart-en-ville-bayonne1.fr.html?aid=304142&ucfs=1&arphpl=1&group_adults=2&req_adults=2&no_rooms=1&group_children=0&req_children=0&hpos=13&hapos=13&sr_order=popularity&srpvid=fc59980f418c008e&srepoch=1647985055&from_sustainable_property_sr=1&from=searchresults#hotelTmpl,"Situé à 200 mètres de la cathédrale Sainte-Marie et à 1,9 km du parc Ansot, Situé à Bayonne, le Boutique Hôtel Un Appart en Ville propose des hébergements climatisés avec vue sur la ville et connexion...","8,8",Bayonne,43.4909225,-1.4774412
ibis Styles Bayonne,https://www.booking.com/hotel/fr/loustau.fr.html?aid=304142&ucfs=1&arphpl=1&group_adults=2&req_adults=2&no_rooms=1&group_children=0&req_children=0&hpos=12&hapos=12&sr_order=popularity&srpvid=fc59980f418c008e&srepoch=1647985055&from_sustainable_property_sr=1&from=searchresults#hotelTmpl,"Situé sur les rives de l'Adour et offrant une vue exceptionnelle sur la ville médiévale de Bayonne, l'ibis Styles Bayonne se trouve à quelques pas de la cathédrale du XIIe siècle. ","8,1",Bayonne,43.49540574,-1.47082418
Appartement au coeur de Bayonne sur les remparts,https://www.booking.com/hotel/fr/5-rue-des-faures.fr.html?aid=304142&ucfs=1&arphpl=1&group_adults=2&req_adults=2&no_rooms=1&group_children=0&req_children=0&hpos=11&hapos=11&sr_order=popularity&srpvid=fc59980f418c008e&srepoch=1647985055&from=searchresults#hotelTmpl,Hébergement géré par un particulier,"9,4",Bayonne,43.4893908,-1.4790953
ibis budget Bayonne,https://www.booking.com/hotel/fr/ibis-budget-bayonne.fr.html?aid=304142&ucfs=1&arphpl=1&group_adults=2&req_adults=2&no_rooms=1&group_children=0&req_children=0&hpos=10&hapos=10&sr_order=popularity&srpvid=fc59980f418c008e&srepoch=1647985055&from=searchresults#hotelTmpl,"Situé à 2 km du centre historique et de la gare de Bayonne, ainsi qu'à 8 km des plages, l'ibis budget Bayonne dispose d'une réception ouverte 24h/24, ainsi que d'une connexion Wi-Fi et d'un parking...","7,7",Bayonne,43.48908262,-1.45717809
Péniche DJEBELLE,https://www.booking.com/hotel/fr/peniche-djebelle.fr.html?aid=304142&ucfs=1&arphpl=1&group_adults=2&req_adults=2&no_rooms=1&group_children=0&req_children=0&hpos=9&hapos=9&sr_order=popularity&srpvid=fc59980f418c008e&srepoch=1647985055&from=searchresults#hotelTmpl,"Située à Bayonne, à moins de 2,3 km de la cathédrale Sainte-Marie et à 3,1 km du parc Ansot, la Péniche DJEBELLE propose un salon commun, une terrasse et une connexion Wi-Fi gratuite. ","9,6",Bayonne,43.496335,-1.473749
Hostel 20 Bayonne,https://www.booking.com/hotel/fr/hostel-20-bayonne.fr.html?aid=304142&ucfs=1&arphpl=1&group_adults=2&req_adults=2&no_rooms=1&group_children=0&req_children=0&hpos=8&hapos=8&sr_order=popularity&srpvid=fc59980f418c008e&srepoch=1647985055&from_sustainable_property_sr=1&from=searchresults#hotelTmpl,"Doté d'un bar et d'un salon commun, l'Hostel 20 Bayonne est situé à Bayonne, à moins de 1 km de la cathédrale Sainte-Marie et à 1,8 km du parc Ansot. ","7,9",Bayonne,43.49535,-1.468753
bayonne centre historique,https://www.booking.com/hotel/fr/bayonne-centre-historique.fr.html?aid=304142&ucfs=1&arphpl=1&group_adults=2&req_adults=2&no_rooms=1&group_children=0&req_children=0&hpos=7&hapos=7&sr_order=popularity&srpvid=fc59980f418c008e&srepoch=1647985055&from=searchresults#hotelTmpl,Hébergement géré par un particulier,"8,0",Bayonne,43.4897436,-1.4754807
Parc 709 Bayonne,https://www.booking.com/hotel/fr/parc-709-bayonne.fr.html?aid=304142&ucfs=1&arphpl=1&group_adults=2&req_adults=2&no_rooms=1&group_children=0&req_children=0&hpos=6&hapos=6&sr_order=popularity&srpvid=fc59980f418c008e&srepoch=1647985055&from=searchresults#hotelTmpl,Hébergement géré par un particulier,"9,4",Bayonne,43.495606,-1.481317
Appart'Hôtel Bellevue,https://www.booking.com/hotel/fr/appart-39-bellevue.fr.html?aid=304142&ucfs=1&arphpl=1&group_adults=2&req_adults=2&no_rooms=1&group_children=0&req_children=0&hpos=5&hapos=5&sr_order=popularity&srpvid=fc59980f418c008e&srepoch=1647985055&from=searchresults#hotelTmpl,"Situé dans un jardin, l'Appart'Hôtel Bellevue propose un hébergement à Bayonne, à seulement 2,4 km de la cathédrale Sainte-Marie. ","8,7",Bayonne,43.50579423,-1.45608832
Hotel Loreak,https://www.booking.com/hotel/fr/comfort-bayonne-biarritz.fr.html?aid=304142&ucfs=1&arphpl=1&group_adults=2&req_adults=2&no_rooms=1&group_children=0&req_children=0&hpos=4&hapos=4&sr_order=popularity&srpvid=fc59980f418c008e&srepoch=1647985055&from_sustainable_property_sr=1&from=searchresults#hotelTmpl,"Installé à 2 km du centre-ville de Bayonne, l’Hotel Loreak propose des hébergements avec une salle de bains privative, une connexion Wi-Fi gratuite et une télévision à écran plat. ","8,0",Bayonne,43.49349109,-1.45263344
Hôtel Villa KOEGUI Bayonne,https://www.booking.com/hotel/fr/villa-koegui-bayonne.fr.html?aid=304142&ucfs=1&arphpl=1&group_adults=2&req_adults=2&no_rooms=1&group_children=0&req_children=0&hpos=3&hapos=3&sr_order=popularity&srpvid=fc59980f418c008e&srepoch=1647985055&from_sustainable_property_sr=1&from=searchresults#hotelTmpl,"Doté d’un bar, d’un restaurant, d’une terrasse, d’un salon commun et d’une salle de sport, l’Hôtel Villa KOEGUI Bayonne propose des hébergements à Bayonne. ","8,9",Bayonne,43.492371,-1.472588
Villa la Renaissance,https://www.booking.com/hotel/fr/villa-la-renaissance-bayonne.fr.html?aid=304142&ucfs=1&arphpl=1&group_adults=2&req_adults=2&no_rooms=1&group_children=0&req_children=0&hpos=2&hapos=2&sr_order=popularity&srpvid=fc59980f418c008e&srepoch=1647985055&from_sustainable_property_sr=1&from=searchresults#hotelTmpl,"La Villa la Renaissance propose des chambres à Bayonne, à 600 mètres du parc Ansot et à 1,2 km de la cathédrale Sainte-Marie. Il propose un service d'étage et une terrasse. ","9,2",Bayonne,43.482321,-1.468164
Hotel Cote Basque,https://www.booking.com/hotel/fr/cote-basque.fr.html?aid=304142&ucfs=1&arphpl=1&group_adults=2&req_adults=2&no_rooms=1&group_children=0&req_children=0&hpos=1&hapos=1&sr_order=popularity&srpvid=fc59980f418c008e&srepoch=1647985055&from=searchresults#hotelTmpl,"L'Hotel Cote Basque est situé au cœur de la ville historique de Bayonne, en face du pont Saint-Esprit. Il propose une connexion Wi-Fi gratuite et des chambres avec salle de bains privative. ","7,9",Bayonne,43.49618306,-1.46960109
Gite Le Petit Malsbach Eguisheim,https://www.booking.com/hotel/fr/gite-le-petit-malsbach-eguisheim.fr.html?aid=304142&ucfs=1&arphpl=1&group_adults=2&req_adults=2&no_rooms=1&group_children=0&req_children=0&hpos=24&hapos=24&sr_order=popularity&srpvid=d8a5980e8ba6017c&srepoch=1647985053&from_sustainable_property_sr=1&from=searchresults#hotelTmpl,Hébergement géré par un particulier,"9,4",Eguisheim,48.04224054,7.3127051
Appartement Edelweiss,https://www.booking.com/hotel/fr/appartement-edelweiss-eguisheim.fr.html?aid=304142&ucfs=1&arphpl=1&group_adults=2&req_adults=2&no_rooms=1&group_children=0&req_children=0&hpos=23&hapos=23&sr_order=popularity&srpvid=d8a5980e8ba6017c&srepoch=1647985053&from=searchresults#hotelTmpl,"L'Appartement Edelweiss propose un hébergement avec connexion Wi-Fi gratuite à Eguisheim, à 600 mètres du marché de Noël. ",10,Eguisheim,48.04323544,7.30522192
Résidence Vénus,https://www.booking.com/hotel/fr/ra-c-sidence-va-c-nus.fr.html?aid=304142&ucfs=1&arphpl=1&group_adults=2&req_adults=2&no_rooms=1&group_children=0&req_children=0&hpos=22&hapos=22&sr_order=popularity&srpvid=d8a5980e8ba6017c&srepoch=1647985053&from=searchresults#hotelTmpl,Hébergement géré par un particulier,"8,8",Eguisheim,48.04363894,7.30606377
Les Epicuriens du Rempart,https://www.booking.com/hotel/fr/maison-du-rempart-eguisheim.fr.html?aid=304142&ucfs=1&arphpl=1&group_adults=2&req_adults=2&no_rooms=1&group_children=0&req_children=0&hpos=21&hapos=21&sr_order=popularity&srpvid=d8a5980e8ba6017c&srepoch=1647985053&from_sustainable_property_sr=1&from=searchresults#hotelTmpl,Hébergement géré par un particulier,"9,4",Eguisheim,48.04184688,7.30553499
Au pied des remparts à Eguisheim,https://www.booking.com/hotel/fr/elsass-design-vintage.fr.html?aid=304142&ucfs=1&arphpl=1&group_adults=2&req_adults=2&no_rooms=1&group_children=0&req_children=0&hpos=20&hapos=20&sr_order=popularity&srpvid=d8a5980e8ba6017c&srepoch=1647985053&from=searchresults#hotelTmpl,"Doté d'une connexion Wi-Fi gratuite et offrant une vue sur la ville, l'établissement Au pied des remparts à Eguisheim propose des hébergements à Eguisheim, à seulement 600 mètres du marché de Noël. ","9,2",Eguisheim,48.043006,7.3043162
Les chambres du domaine,https://www.booking.com/hotel/fr/les-chambres-du-domaine.fr.html?aid=304142&ucfs=1&arphpl=1&group_adults=2&req_adults=2&no_rooms=1&group_children=0&req_children=0&hpos=19&hapos=19&sr_order=popularity&srpvid=d8a5980e8ba6017c&srepoch=1647985053&from=searchresults#hotelTmpl,Hébergement géré par un particulier,"9,3",Eguisheim,48.042963,7.307216
Guesthouse Les 3 Chateaux,https://www.booking.com/hotel/fr/guesthouse-les-3-chateaux.fr.html?aid=304142&ucfs=1&arphpl=1&group_adults=2&req_adults=2&no_rooms=1&group_children=0&req_children=0&hpos=18&hapos=18&sr_order=popularity&srpvid=d8a5980e8ba6017c&srepoch=1647985053&from=searchresults#hotelTmpl,Hébergement géré par un particulier,"8,7",Eguisheim,48.0433578,7.3075508
Residence Le Clos d'Eguisheim Eguisheim - ELS01045-CYA,https://www.booking.com/hotel/fr/residence-le-clos-d-eguisheim-eguisheim-els01045-cya.fr.html?aid=304142&ucfs=1&arphpl=1&group_adults=2&req_adults=2&no_rooms=1&group_children=0&req_children=0&hpos=17&hapos=17&sr_order=popularity&srpvid=d8a5980e8ba6017c&srepoch=1647985053&from=searchresults#hotelTmpl,"La Residence Le Clos d'Eguisheim Eguisheim - ELS01045-CYA est située à Eguisheim. Situé à moins de 1 km du marché de Noël d'Eguisheim, il propose une connexion Wi-Fi gratuite et une cuisine commune. ",,Eguisheim,48.044796,7.311634
La Légende des 2 Pierres,https://www.booking.com/hotel/fr/la-legende-des-2-pierres.fr.html?aid=304142&ucfs=1&arphpl=1&group_adults=2&req_adults=2&no_rooms=1&group_children=0&req_children=0&hpos=16&hapos=16&sr_order=popularity&srpvid=d8a5980e8ba6017c&srepoch=1647985053&from=searchresults#hotelTmpl,"Situé dans le pittoresque village d'Eguisheim, l'appartement indépendant La Légende des 2 Pierres offre une vue sur la montagne. Un local à skis est à votre disposition. ","9,2",Eguisheim,48.04299853,7.30448939
Gîte Nature à Eguisheim***,https://www.booking.com/hotel/fr/gite-nature-a-eguisheim.fr.html?aid=304142&ucfs=1&arphpl=1&group_adults=2&req_adults=2&no_rooms=1&group_children=0&req_children=0&hpos=15&hapos=15&sr_order=popularity&srpvid=d8a5980e8ba6017c&srepoch=1647985053&from=searchresults#hotelTmpl,Hébergement géré par un particulier,"9,5",Eguisheim,48.0427072,7.3044255
Hôtel Restaurant À la ville de Nancy,https://www.booking.com/hotel/fr/ha-tel-restaurant-a-la-ville-de-nancy.fr.html?aid=304142&ucfs=1&arphpl=1&group_adults=2&req_adults=2&no_rooms=1&group_children=0&req_children=0&hpos=14&hapos=14&sr_order=popularity&srpvid=d8a5980e8ba6017c&srepoch=1647985053&from=searchresults#hotelTmpl,"Situé dans le village alsacien typique d'Eguisheim, cet hôtel occupe un bâtiment à colombages et dispose d'un restaurant servant une cuisine régionale traditionnelle. ","8,4",Eguisheim,48.04349458,7.30439007
La Maison du Rempart,https://www.booking.com/hotel/fr/la-maison-du-rempart-eguisheim1.fr.html?aid=304142&ucfs=1&arphpl=1&group_adults=2&req_adults=2&no_rooms=1&group_children=0&req_children=0&hpos=13&hapos=13&sr_order=popularity&srpvid=d8a5980e8ba6017c&srepoch=1647985053&from_sustainable_property_sr=1&from=searchresults#hotelTmpl,Hébergement géré par un particulier,"9,3",Eguisheim,48.04172203,7.3056037
notre maison à Eguisheim,https://www.booking.com/hotel/fr/notre-maison-a-eguisheim.fr.html?aid=304142&ucfs=1&arphpl=1&group_adults=2&req_adults=2&no_rooms=1&group_children=0&req_children=0&hpos=12&hapos=12&sr_order=popularity&srpvid=d8a5980e8ba6017c&srepoch=1647985053&from=searchresults#hotelTmpl,Hébergement géré par un particulier,"9,0",Eguisheim,48.041599,7.306161
L'Hostellerie du Château,https://www.booking.com/hotel/fr/hostellerie-du-chateau-eguisheim.fr.html?aid=304142&ucfs=1&arphpl=1&group_adults=2&req_adults=2&no_rooms=1&group_children=0&req_children=0&hpos=11&hapos=11&sr_order=popularity&srpvid=d8a5980e8ba6017c&srepoch=1647985053&from=searchresults#hotelTmpl,"L'établissement L'Hostellerie du Château est situé au cœur du village médiéval d'Eguisheim, sur la route des vins d'Alsace. ","9,1",Eguisheim,48.04242043,7.30631925
Brit Hotel Confort La Ferme du Pape,https://www.booking.com/hotel/fr/hostellerie-du-pape.fr.html?aid=304142&ucfs=1&arphpl=1&group_adults=2&req_adults=2&no_rooms=1&group_children=0&req_children=0&hpos=10&hapos=10&sr_order=popularity&srpvid=d8a5980e8ba6017c&srepoch=1647985053&from=searchresults#hotelTmpl,"Le Brit Hotel Confort La Ferme du Pape vous accueille à l'entrée d'un charmant village au cœur des vignobles, dans une région gastronomique, à 8 km de Colmar. ","7,9",Eguisheim,48.04228862,7.3094514
Gîte Le Hissala,https://www.booking.com/hotel/fr/ga-r-te-le-hissala.fr.html?aid=304142&ucfs=1&arphpl=1&group_adults=2&req_adults=2&no_rooms=1&group_children=0&req_children=0&hpos=9&hapos=9&sr_order=popularity&srpvid=d8a5980e8ba6017c&srepoch=1647985053&from=searchresults#hotelTmpl,Hébergement géré par un particulier,"8,9",Eguisheim,48.04340695,7.30760872
Hôtel L'Auberge Alsacienne,https://www.booking.com/hotel/fr/ha-tel-restaurant-l-auberge-alsacienne.fr.html?aid=304142&ucfs=1&arphpl=1&group_adults=2&req_adults=2&no_rooms=1&group_children=0&req_children=0&hpos=8&hapos=8&sr_order=popularity&srpvid=d8a5980e8ba6017c&srepoch=1647985053&from=searchresults#hotelTmpl,"Situé dans le village d'Eguisheim, en Alsace, l'Hôtel L'Auberge Alsacienne propose des chambres modernes avec salle de bains privative et un restaurant traditionnel. ","8,6",Eguisheim,48.04223841,7.30916776
Résidence Pierre & Vacances Le Clos d'Eguisheim,https://www.booking.com/hotel/fr/residence-pierre-et-vacances-le-clos-d-eguisheim.fr.html?aid=304142&ucfs=1&arphpl=1&group_adults=2&req_adults=2&no_rooms=1&group_children=0&req_children=0&hpos=7&hapos=7&sr_order=popularity&srpvid=d8a5980e8ba6017c&srepoch=1647985053&from_sustainable_property_sr=1&from=searchresults#hotelTmpl,"La Résidence Pierre & Vacances Le Clos d’Eguisheim est située à 700 mètres du centre du village d’Eguisheim en Alsace, le long de la route des vins. ","8,0",Eguisheim,48.04502734,7.31185466
Gîte au château fleuri,https://www.booking.com/hotel/fr/gite-au-chateau-fleuri.fr.html?aid=304142&ucfs=1&arphpl=1&group_adults=2&req_adults=2&no_rooms=1&group_children=0&req_children=0&hpos=6&hapos=6&sr_order=popularity&srpvid=d8a5980e8ba6017c&srepoch=1647985053&from=searchresults#hotelTmpl,Hébergement géré par un particulier,"9,6",Eguisheim,48.042875,7.30672
Hotel Colmar Vignes Eguisheim,https://www.booking.com/hotel/fr/auberge-des-comtes.fr.html?aid=304142&ucfs=1&arphpl=1&group_adults=2&req_adults=2&no_rooms=1&group_children=0&req_children=0&hpos=5&hapos=5&sr_order=popularity&srpvid=d8a5980e8ba6017c&srepoch=1647985053&from_sustainable_property_sr=1&from=searchresults#hotelTmpl,"Situé à 200 mètres du centre-ville d'Eguishein et à 10 minutes en voiture de Colmar, l'Hotel Colmar Vignes Eguisheim met gratuitement à votre disposition une connexion Wi-Fi ainsi qu'un parking privé....","8,8",Eguisheim,48.04327133,7.30412185
La Grange de Madeleine,https://www.booking.com/hotel/fr/la-grange-de-madeleine.fr.html?aid=304142&ucfs=1&arphpl=1&group_adults=2&req_adults=2&no_rooms=1&group_children=0&req_children=0&hpos=4&hapos=4&sr_order=popularity&srpvid=d8a5980e8ba6017c&srepoch=1647985053&from=searchresults#hotelTmpl,La Grange de Madeleine est située à Eguisheim. Cet hébergement climatisé se trouve à moins de 1 km du marché de Noël d'Eguisheim. ,"9,8",Eguisheim,48.0417829,7.3065467
Fleur de Vigne,https://www.booking.com/hotel/fr/fleur-de-vignes-eguisheim.fr.html?aid=304142&ucfs=1&arphpl=1&group_adults=2&req_adults=2&no_rooms=1&group_children=0&req_children=0&hpos=3&hapos=3&sr_order=popularity&srpvid=d8a5980e8ba6017c&srepoch=1647985053&from=searchresults#hotelTmpl,Hébergement géré par un particulier,"9,6",Eguisheim,48.0461134,7.3051632
GITE LE COQ ROUGE,https://www.booking.com/hotel/fr/gite-le-coq-rouge.fr.html?aid=304142&ucfs=1&arphpl=1&group_adults=2&req_adults=2&no_rooms=1&group_children=0&req_children=0&hpos=2&hapos=2&sr_order=popularity&srpvid=d8a5980e8ba6017c&srepoch=1647985053&from=searchresults#hotelTmpl,Hébergement géré par un particulier,"9,8",Eguisheim,48.04170911,7.3056928
James Vignoble Hôtel - Eguisheim,https://www.booking.com/hotel/fr/saint-hubert-eguisheim.fr.html?aid=304142&ucfs=1&arphpl=1&group_adults=2&req_adults=2&no_rooms=1&group_children=0&req_children=0&hpos=1&hapos=1&sr_order=popularity&srpvid=d8a5980e8ba6017c&srepoch=1647985053&from=searchresults#hotelTmpl,Le James Vignoble Hôtel - Eguisheim vous accueille en plein cœur du vignoble d'Eguisheim. Il offre une vue spectaculaire sur la Forêt-Noire. ,"8,8",Eguisheim,48.04496277,7.30157845
A l'ombre du Palais,https://www.booking.com/hotel/fr/a-l-39-ombre-du-palais.fr.html?aid=304142&ucfs=1&arphpl=1&group_adults=2&req_adults=2&no_rooms=1&group_children=0&req_children=0&hpos=24&hapos=24&sr_order=popularity&srpvid=5521980d5e730141&srepoch=1647985051&from_sustainable_property_sr=1&from=searchresults#hotelTmpl,"Situé à 500 mètres du palais des Papes et à 10 minutes à pied du pont d'Avignon, l'établissement A l'ombre du Palais propose des hébergements avec une terrasse commune meublée et une connexion Wi-Fi...","8,4",Avignon,43.951729,4.810339
Les Jardins de Baracane,https://www.booking.com/hotel/fr/les-jardins-de-baracane.fr.html?aid=304142&ucfs=1&arphpl=1&group_adults=2&req_adults=2&no_rooms=1&group_children=0&req_children=0&hpos=23&hapos=23&sr_order=popularity&srpvid=5521980d5e730141&srepoch=1647985051&from_sustainable_property_sr=1&from=searchresults#hotelTmpl,"Construit au XVIIème siècle, l'établissement Les Jardins de Baracane se situe dans le centre historique d'Avignon et propose une piscine extérieure ainsi qu'un jardin. ","9,7",Avignon,43.94460933,4.80928241
KAROUBA.31,https://www.booking.com/hotel/fr/karouba-31.fr.html?aid=304142&ucfs=1&arphpl=1&group_adults=2&req_adults=2&no_rooms=1&group_children=0&req_children=0&hpos=22&hapos=22&sr_order=popularity&srpvid=5521980d5e730141&srepoch=1647985051&from=searchresults#hotelTmpl,Hébergement géré par un particulier,"9,4",Avignon,43.9476071,4.8079964
Mas Château Blanc Guest House,https://www.booking.com/hotel/fr/mas-chateau-blanc.fr.html?aid=304142&ucfs=1&arphpl=1&group_adults=2&req_adults=2&no_rooms=1&group_children=0&req_children=0&hpos=21&hapos=21&sr_order=popularity&srpvid=5521980d5e730141&srepoch=1647985051&from_sustainable_property_sr=1&from=searchresults#hotelTmpl,Le Mas Château Blanc propose des chambres d'hôtes à 12 minutes en voiture du centre d'Avignon. ,"9,4",Avignon,43.968044,4.8457776
Maison d'hôtes L'îlot bambou,https://www.booking.com/hotel/fr/l-39-ilot-bambou.fr.html?aid=304142&ucfs=1&arphpl=1&group_adults=2&req_adults=2&no_rooms=1&group_children=0&req_children=0&hpos=20&hapos=20&sr_order=popularity&srpvid=5521980d5e730141&srepoch=1647985051&from=searchresults#hotelTmpl,"Installée à Avignon, la Maison d'hôtes L'îlot bambou bénéficie d'une piscine extérieure ouverte en saison et d'un jardin. Elle vous accueille à 600 mètres du palais des papes et du pont d'Avignon. ","9,3",Avignon,43.95108984,4.79801933
Au coeur du centre historique 3 étoiles,https://www.booking.com/hotel/fr/au-coeur-du-centre-historique-3-etoiles.fr.html?aid=304142&ucfs=1&arphpl=1&group_adults=2&req_adults=2&no_rooms=1&group_children=0&req_children=0&hpos=19&hapos=19&sr_order=popularity&srpvid=5521980d5e730141&srepoch=1647985051&from_sustainable_property_sr=1&from=searchresults#hotelTmpl,Hébergement géré par un particulier,"8,4",Avignon,43.946719,4.814024
ibis Avignon Sud,https://www.booking.com/hotel/fr/ibis-avignon-sud.fr.html?aid=304142&ucfs=1&arphpl=1&group_adults=2&req_adults=2&no_rooms=1&group_children=0&req_children=0&hpos=18&hapos=18&sr_order=popularity&srpvid=5521980d5e730141&srepoch=1647985051&from_sustainable_property_sr=1&from=searchresults#hotelTmpl,L'hôtel ibis Avignon Sud bénéficie d'un emplacement idéal à 3 km du centre-ville. L'établissement se situe à quelques minutes du centre de conventions et du pont d'Avignon. ,"8,0",Avignon,43.92607107,4.84903291
City Résidence Avignon (5 Epi),https://www.booking.com/hotel/fr/residence-5-epi.fr.html?aid=304142&ucfs=1&arphpl=1&group_adults=2&req_adults=2&no_rooms=1&group_children=0&req_children=0&hpos=17&hapos=17&sr_order=popularity&srpvid=5521980d5e730141&srepoch=1647985051&from=searchresults#hotelTmpl,"Située à 10 minutes à pied du centre historique d'Avignon, la Résidence 5 Epi propose une connexion Wi-Fi gratuite dans les parties communes. ","7,2",Avignon,43.94350683,4.82236505
Camping du Pont d'Avignon,https://www.booking.com/hotel/fr/camping-du-pont-d-avignon.fr.html?aid=304142&ucfs=1&arphpl=1&group_adults=2&req_adults=2&no_rooms=1&group_children=0&req_children=0&hpos=16&hapos=16&sr_order=popularity&srpvid=5521980d5e730141&srepoch=1647985051&from=searchresults#hotelTmpl,"Situé à Avignon, le Camping du Pont d'Avignon propose un hébergement indépendant avec une piscine extérieure et un court de tennis. ","7,9",Avignon,43.95638753,4.80199099
ApartHotel Sainte-Marthe,https://www.booking.com/hotel/fr/ra-c-sidence-sainte-marthe.fr.html?aid=304142&ucfs=1&arphpl=1&group_adults=2&req_adults=2&no_rooms=1&group_children=0&req_children=0&hpos=15&hapos=15&sr_order=popularity&srpvid=5521980d5e730141&srepoch=1647985051&from=searchresults#hotelTmpl,"Situé en face de l'université Sainte Marthe, à seulement 15 minutes à pied du Palais des Papes et du centre historique d'Avignon, l'Apart'Hotel Sainte-Marthe propose des appartements indépendants et...","7,7",Avignon,43.94989514,4.81986389
Hôtel Cloitre Saint Louis Avignon,https://www.booking.com/hotel/fr/clarioncloitrestlouis.fr.html?aid=304142&ucfs=1&arphpl=1&group_adults=2&req_adults=2&no_rooms=1&group_children=0&req_children=0&hpos=14&hapos=14&sr_order=popularity&srpvid=5521980d5e730141&srepoch=1647985051&from=searchresults#hotelTmpl,"Situé dans le centre d'Avignon, à 15 minutes à pied du palais des papes et du pont de la ville, l'Hôtel Cloitre Saint Louis Avignon occupe un bâtiment du XVIème siècle doté d'une piscine extérieure...","7,7",Avignon,43.9438081,4.80494678
Avignon Grand Hotel,https://www.booking.com/hotel/fr/avignongrandhotel.fr.html?aid=304142&ucfs=1&arphpl=1&group_adults=2&req_adults=2&no_rooms=1&group_children=0&req_children=0&hpos=13&hapos=13&sr_order=popularity&srpvid=5521980d5e730141&srepoch=1647985051&from=searchresults#hotelTmpl,"Doté d'une petite piscine sur le toit, l'Avignon Grand Hotel bénéficie d'un emplacement idéal à proximité directe des remparts médiévaux d'Avignon, à seulement 70 mètres de la gare centrale et à 15...","8,4",Avignon,43.94254506,4.80436206
Aparthotel Adagio Access Avignon,https://www.booking.com/hotel/fr/citea-avignon.fr.html?aid=304142&ucfs=1&arphpl=1&group_adults=2&req_adults=2&no_rooms=1&group_children=0&req_children=0&hpos=12&hapos=12&sr_order=popularity&srpvid=5521980d5e730141&srepoch=1647985051&from_sustainable_property_sr=1&from=searchresults#hotelTmpl,"L’Aparthotel Adagio Access Avignon se situe près de la gare TGV d’Avignon, à seulement 10 minutes en voiture du centre-ville. ","7,8",Avignon,43.92623117,4.78592724
Régina Boutique Hotel,https://www.booking.com/hotel/fr/hotelreginaavignon.fr.html?aid=304142&ucfs=1&arphpl=1&group_adults=2&req_adults=2&no_rooms=1&group_children=0&req_children=0&hpos=11&hapos=11&sr_order=popularity&srpvid=5521980d5e730141&srepoch=1647985051&from_sustainable_property_sr=1&from=searchresults#hotelTmpl,"Le Régina Boutique Hotel est situé dans la rue principale d'Avignon, à seulement 5 minutes à pied du Palais des Papes. ","8,7",Avignon,43.9481658,4.80576485
Hôtel Central,https://www.booking.com/hotel/fr/central-avignon.fr.html?aid=304142&ucfs=1&arphpl=1&group_adults=2&req_adults=2&no_rooms=1&group_children=0&req_children=0&hpos=10&hapos=10&sr_order=popularity&srpvid=5521980d5e730141&srepoch=1647985051&from_sustainable_property_sr=1&from=searchresults#hotelTmpl,"Situé au cœur de la vieille ville d'Avignon, l'Hôtel Central propose des chambres confortables avec une connexion Wi-Fi gratuite. Un jardin et un bar sont disponibles sur place. ","8,1",Avignon,43.94552496,4.80576083
CLIMATISATION-Hypercentre-PARKING-COSY CARNOT-AVIGNONSMILE,https://www.booking.com/hotel/fr/hypercentre-cosy-carnot-avignonsmile.fr.html?aid=304142&ucfs=1&arphpl=1&group_adults=2&req_adults=2&no_rooms=1&group_children=0&req_children=0&hpos=9&hapos=9&sr_order=popularity&srpvid=5521980d5e730141&srepoch=1647985051&from=searchresults#hotelTmpl,Hébergement géré par un particulier,"9,0",Avignon,43.94917757,4.81083119
Le Clos Saluces,https://www.booking.com/hotel/fr/le-clos-saluces.fr.html?aid=304142&ucfs=1&arphpl=1&group_adults=2&req_adults=2&no_rooms=1&group_children=0&req_children=0&hpos=8&hapos=8&sr_order=popularity&srpvid=5521980d5e730141&srepoch=1647985051&from_sustainable_property_sr=1&from=searchresults#hotelTmpl,Le Clos Saluces possède un jardin fleuri aménagé et une terrasse dotée d'une fontaine. ,"9,9",Avignon,43.9501934,4.81058627
Le Magnan,https://www.booking.com/hotel/fr/hotellemagnan.fr.html?aid=304142&ucfs=1&arphpl=1&group_adults=2&req_adults=2&no_rooms=1&group_children=0&req_children=0&hpos=7&hapos=7&sr_order=popularity&srpvid=5521980d5e730141&srepoch=1647985051&from_sustainable_property_sr=1&from=searchresults#hotelTmpl,"Situé dans un cadre verdoyant au sein des anciens remparts de la ville, Le Magnan propose une connexion Wi-Fi gratuite. Il se trouve à 10 minutes à pied du Palais des Papes. ","8,5",Avignon,43.94362946,4.81217131
La Maison Grivolas,https://www.booking.com/hotel/fr/la-maison-grivolas.fr.html?aid=304142&ucfs=1&arphpl=1&group_adults=2&req_adults=2&no_rooms=1&group_children=0&req_children=0&hpos=6&hapos=6&sr_order=popularity&srpvid=5521980d5e730141&srepoch=1647985051&from=searchresults#hotelTmpl,"Installé à Avignon, à 500 mètres du Palais des papes, La Maison Grivolas propose un jardin, une connexion Wi-Fi gratuite, une cuisine commune et une piscine extérieure. ","9,7",Avignon,43.951836,4.812205
Best Western Hôtel Le Paradou Avignon Sud.,https://www.booking.com/hotel/fr/paradouavignon.fr.html?aid=304142&ucfs=1&arphpl=1&group_adults=2&req_adults=2&no_rooms=1&group_children=0&req_children=0&hpos=5&hapos=5&sr_order=popularity&srpvid=5521980d5e730141&srepoch=1647985051&from=searchresults#hotelTmpl,"Situé dans un parc à Avignon Sud-Montfavet, le Best Western Hôtel Le Paradou Avignon Sud. propose une connexion Wi-Fi gratuite disponible dans l'ensemble de l'établissement. ","7,9",Avignon,43.9048925,4.89553034
Hôtel Danieli,https://www.booking.com/hotel/fr/hoteldanieli.fr.html?aid=304142&ucfs=1&arphpl=1&group_adults=2&req_adults=2&no_rooms=1&group_children=0&req_children=0&hpos=4&hapos=4&sr_order=popularity&srpvid=5521980d5e730141&srepoch=1647985051&from=searchresults#hotelTmpl,"L'Hôtel Danieli est situé au cœur de la vieille ville d'Avignon, à 400 mètres du Palais des Papes et à 10 minutes à pied du pont d'Avignon. ","7,5",Avignon,43.94756619,4.80603039
Hôtel Le Bristol,https://www.booking.com/hotel/fr/hotel-bristol-avignon.fr.html?aid=304142&ucfs=1&arphpl=1&group_adults=2&req_adults=2&no_rooms=1&group_children=0&req_children=0&hpos=3&hapos=3&sr_order=popularity&srpvid=5521980d5e730141&srepoch=1647985051&from=searchresults#hotelTmpl,"Idéalement situé à l’intérieur des remparts du centre d’Avignon, l’Hôtel Le Bristol vous propose des chambres climatisées, un bar, une connexion Wi-Fi gratuite et un salon commun. ","8,1",Avignon,43.94403213,4.80533168
Kyriad Avignon - Palais des Papes,https://www.booking.com/hotel/fr/kyriad-avignon-palais-des-papes-xml.fr.html?aid=304142&ucfs=1&arphpl=1&group_adults=2&req_adults=2&no_rooms=1&group_children=0&req_children=0&hpos=2&hapos=2&sr_order=popularity&srpvid=5521980d5e730141&srepoch=1647985051&from_sustainable_property_sr=1&from=searchresults#hotelTmpl,"Le Kyriad Avignon - Palais des Papes vous accueille sur la place de l'Horloge, dans la zone piétonne du centre historique d'Avignon. ","8,1",Avignon,43.94963777,4.80635896
Maison XIXe et Jardin en Intramuros,https://www.booking.com/hotel/fr/maison-xixe-et-jardin-en-intramuros.fr.html?aid=304142&ucfs=1&arphpl=1&group_adults=2&req_adults=2&no_rooms=1&group_children=0&req_children=0&hpos=1&hapos=1&sr_order=popularity&srpvid=5521980d5e730141&srepoch=1647985051&from=searchresults#hotelTmpl,Hébergement géré par un particulier,"9,1",Avignon,43.95034438,4.81153785
DIFY Roi Lyon - Hotel de Ville,https://www.booking.com/hotel/fr/dify-roi-lyon-de-ville.fr.html?aid=304142&ucfs=1&arphpl=1&group_adults=2&req_adults=2&no_rooms=1&group_children=0&req_children=0&hpos=24&hapos=24&sr_order=popularity&srpvid=d26b980b93a70293&srepoch=1647985047&from=searchresults#hotelTmpl,"Situé au cœur de Lyon, à environ 2,1 km du musée des beaux-arts, le DIFY Roi Lyon - Hotel de Ville propose une connexion Wi-Fi gratuite, la climatisation et des équipements ménagers tels qu'une...","8,5",Lyon,45.77147402,4.83374436
MOB HOTEL Lyon Confluence,https://www.booking.com/hotel/fr/mob-lyon-confluence.fr.html?aid=304142&ucfs=1&arphpl=1&group_adults=2&req_adults=2&no_rooms=1&group_children=0&req_children=0&hpos=23&hapos=23&sr_order=popularity&srpvid=d26b980b93a70293&srepoch=1647985047&from_sustainable_property_sr=1&from=searchresults#hotelTmpl,"Installé à 2 minutes à pied du musée des Confluences et à 10 minutes de marche d’un centre commercial, le MOB HOTEL Lyon Confluence vous propose un restaurant et une connexion Wi-Fi gratuite dans...","8,1",Lyon,45.7346143,4.8159854
Mercure Lyon Centre Château Perrache,https://www.booking.com/hotel/fr/grand-mercure-chateau-perrache.fr.html?aid=304142&ucfs=1&arphpl=1&group_adults=2&req_adults=2&no_rooms=1&group_children=0&req_children=0&hpos=22&hapos=22&sr_order=popularity&srpvid=d26b980b93a70293&srepoch=1647985047&from_sustainable_property_sr=1&from=searchresults#hotelTmpl,"Installé en face de la gare TGV de Lyon-Perrache, le Mercure Lyon Centre Château Perrache est un établissement 4 étoiles occupant un bâtiment Art nouveau classé sur la Presqu'île de Lyon. ","8,0",Lyon,45.74922688,4.82522696
Novotel Lyon Confluence,https://www.booking.com/hotel/fr/novotel-lyon-confluence.fr.html?aid=304142&ucfs=1&arphpl=1&group_adults=2&req_adults=2&no_rooms=1&group_children=0&req_children=0&hpos=20&hapos=20&sr_order=popularity&srpvid=d26b980b93a70293&srepoch=1647985047&from_sustainable_property_sr=1&from=searchresults#hotelTmpl,"Implanté dans le centre de Lyon, sur les rives de la Saône, le Novotel Lyon Confluence propose une terrasse et un bar avec vue panoramique sur la rivière. ","8,2",Lyon,45.74155672,4.81529206
B&B Hôtel LYON Centre Perrache Berthelot,https://www.booking.com/hotel/fr/b-amp-b-lyon-centre-perrache-berthelot.fr.html?aid=304142&ucfs=1&arphpl=1&group_adults=2&req_adults=2&no_rooms=1&group_children=0&req_children=0&hpos=19&hapos=19&sr_order=popularity&srpvid=d26b980b93a70293&srepoch=1647985047&from=searchresults#hotelTmpl,"Ouvert en décembre 2017, le B&B Hôtel LYON Centre Perrache Berthelot se situe à 9 minutes de marche de l'arrêt de transports en commun le plus proche. ","7,8",Lyon,45.7478087,4.8355397
21Royale,https://www.booking.com/hotel/fr/21royale-lyon.fr.html?aid=304142&ucfs=1&arphpl=1&group_adults=2&req_adults=2&no_rooms=1&group_children=0&req_children=0&hpos=18&hapos=18&sr_order=popularity&srpvid=d26b980b93a70293&srepoch=1647985047&from=searchresults#hotelTmpl,Hébergement géré par un particulier,"8,0",Lyon,45.7708317,4.83733502
Appartement Lyon Centre Confluence 100 m2 Parking Terrasses,https://www.booking.com/hotel/fr/appartement-lyon-centre-confluence-100-m2-parking-terrasses.fr.html?aid=304142&ucfs=1&arphpl=1&group_adults=2&req_adults=2&no_rooms=1&group_children=0&req_children=0&hpos=17&hapos=17&sr_order=popularity&srpvid=d26b980b93a70293&srepoch=1647985047&from=searchresults#hotelTmpl,Hébergement géré par un particulier,"9,2",Lyon,45.746386,4.824233
Best Western Hotel du Pont Wilson,https://www.booking.com/hotel/fr/lyon-wilson.fr.html?aid=304142&ucfs=1&arphpl=1&group_adults=2&req_adults=2&no_rooms=1&group_children=0&req_children=0&hpos=16&hapos=16&sr_order=popularity&srpvid=d26b980b93a70293&srepoch=1647985047&from_sustainable_property_sr=1&from=searchresults#hotelTmpl,"Installé dans le centre-ville de Lyon, le Best Western Hotel du Pont Wilson propose des chambres et des suites modernes offrant une vue sur la colline de Fourvière, dans la partie historique de la...","8,3",Lyon,45.75843134,4.84147914
Aparthotel Adagio Lyon Patio Confluence,https://www.booking.com/hotel/fr/quality-suites-lyon-confluence.fr.html?aid=304142&ucfs=1&arphpl=1&group_adults=2&req_adults=2&no_rooms=1&group_children=0&req_children=0&hpos=15&hapos=15&sr_order=popularity&srpvid=d26b980b93a70293&srepoch=1647985047&from=searchresults#hotelTmpl,"L’Aparthotel Adagio Lyon Patio Confluence propose des hébergements avec accès gratuit à une salle de sport dans le 2ème arrondissement de Lyon, à moins de 450 mètres de la gare ferroviaire de...","8,6",Lyon,45.74525324,4.82281566
Greet Hotel Lyon Confluence,https://www.booking.com/hotel/fr/greet-hotel-lyon-confluence.fr.html?aid=304142&ucfs=1&arphpl=1&group_adults=2&req_adults=2&no_rooms=1&group_children=0&req_children=0&hpos=14&hapos=14&sr_order=popularity&srpvid=d26b980b93a70293&srepoch=1647985047&from=searchresults#hotelTmpl,"Doté d'une terrasse, d'un restaurant et d'un bar, le Greet Hotel Lyon Confluence propose des hébergements avec une connexion Wi-Fi gratuite dans le quartier de la Presqu'île de Lyon. ","8,0",Lyon,45.748458,4.827753
Hotel des Savoies Lyon Perrache,https://www.booking.com/hotel/fr/hoteldessavoies.fr.html?aid=304142&ucfs=1&arphpl=1&group_adults=2&req_adults=2&no_rooms=1&group_children=0&req_children=0&hpos=13&hapos=13&sr_order=popularity&srpvid=d26b980b93a70293&srepoch=1647985047&from=searchresults#hotelTmpl,"Situé dans le quartier de la Presqu&#39;île de Lyon, l&#39;Hotel des Savoies Lyon Perrache propose un hébergement avec connexion Wi-Fi gratuite dans l&#39;ensemble de son enceinte, à 7 minutes à pied...","7,5",Lyon,45.74973597,4.82985042
Comfort Suite Rive Gauche Lyon Centre,https://www.booking.com/hotel/fr/comfort-suite-rive-gauche-lyon-centre.fr.html?aid=304142&ucfs=1&arphpl=1&group_adults=2&req_adults=2&no_rooms=1&group_children=0&req_children=0&hpos=12&hapos=12&sr_order=popularity&srpvid=d26b980b93a70293&srepoch=1647985047&from=searchresults#hotelTmpl,"L'appart'hôtel Comfort Suite Rive Gauche Lyon Centre est situé à Lyon, à 1,5 km de la gare de Perrache et de la place Bellecour. ","8,1",Lyon,45.74916933,4.8387339
